VERDICT	FORM	DIALECT	ENGLISH	WHY	WIKTIONARY_SENSE	PIVOTS	CANDIDATES
	Askiv	WH	English	two ILIs equally supported	Of or pertaining to the people of England (e.g. Englishmen and Englishwomen).	bul=англи́йски; cat=anglès/anglés; cmn=英/英国人/英文/英格蘭/英語; dan=engelsk; ell=αγγλικός/εγγλέζικος; eus=ingeles; fin=englanninkielinen/englanti/englantilainen; fra=anglais; glg=inglés; heb=אַנְגְּלִי; ind=Inggris/keinggrisan; isl=enskur; ita=inglese; jpn=イギリス/イングランド/英/英語; lit=angliškas/anglų; nld=Engels; 	i17163(10: cat,fin,fra,glg,ita,lit,pol,slk,spa,tha) | i73104(10: cat,eus,fin,fra,glg,ita,jpn,nld,ron,spa) | i87639(7: cat,eus,fin,glg,jpn,ron,spa) | i87640(7: cat,fin,fra,glg,ita,ron,spa) | i17164(6: cat,fin,lit,slk,spa,tha)
	Hmoob Dawb	WH	Hmong Daw	no pivot word has an ILI in a loaded wordnet	The White Hmong language.	cmn=白苗語	
	Hmoob Dawb	WH	White Hmong	no pivot word has an ILI in a loaded wordnet	A Hmongic lect spoken in Laos and elsewhere, including among Hmong American communities, and written using the Latin or Pahawh Hmong scripts.	cmn=白苗語	
	Hmoob Leeg	WH	Green Hmong	no pivot word has an ILI in a loaded wordnet	A Hmongic lect spoken in Laos and elsewhere, including among Hmong American communities, and written using the Latin or Pahawh Hmong scripts.	cmn=青苗語; fin=[[vihreä]] [[hmong]]/[[vihreä]] [[miao]]	
	cws	WH	shrimp	two ILIs equally supported	(uncountable) The flesh of such crustaceans.	bul=скари́да; cat=gamba; cmn=毛蝦/蝦; dan=reje; ell=γαρίδα; eus=izkira; fin=katkarapu; fra=crevette; glg=camarón/esquía; heb=חסילון/שרימפ/שרימפס; ind=udang; isl=rækja; ita=gamberetto; jpn=エビ/海老; lit=krevetė; nld=garnaal; nno=reke; nob=reke; pol=krewetka; ron=crevetă; slk=kreveta; spa=camarón/chacalín/c	i45796(10: cat,eus,fin,fra,ind,ita,nld,pol,ron,spa) | i78058(10: cat,eus,fin,fra,ind,ita,jpn,ron,spa,tha) | i45800(5: eus,fra,ind,nld,tha) | i60867(2: cat,spa) | i21952(1: swe)
	dab	WH	monster	two ILIs equally supported	A terrifying and dangerous creature, especially one of an imaginary or fictional kind.	bul=чудо́вище; cat=monstre; cmn=妖怪/妖物/怪物/魔鬼; dan=monster/uhyre; ell=τέρας; eus=munstro; fin=hirviö; fra=monstre; glg=monstro; heb=מִפְלֶצֶת; ind=monster; isl=skrímsli/ófreskja; ita=mostro; jpn=モンスター/化け物/怪物/怪異; lit=baisūnas/monstras/pabaisa/siaubūnas; nld=monster; nno=monster/uhyre; nob=monster/uhyre	i86500(14: cat,eus,fin,fra,glg,ita,jpn,lit,nld,pol,ron,slk,spa,tha) | i90079(14: bul,cat,cmn,ell,eus,fin,fra,isl,ita,jpn,ron,spa,sqi,swe) | i91446(8: cat,eus,fin,fra,glg,ita,nld,spa) | i42978(4: fra,glg,pol,spa) | i89089(3: cat,fin,spa)
	dab tsi	WH	what	no ILI reached two languages	(fused relative) Anything that; all that; whatever.	bul=какво́/що; cat=què; cmn=什麼/何/啥; dan=hvad; ell=ίντα/τί; eus=zer; fin=mikä/mitä; fra=qu'est-ce que/qu'est-ce qui/que/quel/quoi; glg=que; heb=מה; ind=apa/mana; isl=hvað; ita=che/che cosa/cosa; jpn=なん/何; lit=kas; nld=wat; nno=kva; nob=hva; pol=co; ron=ce; slk=čo; spa=cuál/qué; sqi=si/ç'/çfarë; swe=v	i106242(1: ita) | i106252(1: eus) | i110218(1: ita) | i113922(1: pol) | i18177(1: fra)
	dauslas	WH	dollar	two ILIs equally supported	Official designation for currency in some parts of the world, including Canada, the United States, Australia, New Zealand, Singapore, Hong Kong, and elsewhere. Its symbol is $.	bul=до́лар; cat=dòlar; cmn=[[塊]][[錢]]/元/刀/圓/塊; dan=dollar; ell=δολάριο/δολλάριο; eus=dolar; fin=dollari/taala; fra=dollar; glg=dólar; heb=דּוֹלָר; ind=dolar; isl=dollari; ita=dollaro; jpn=ドル/弗; lit=doleris; nld=dollar; nob=dollar; pol=dolar; ron=dolar; slk=dolár; spa=dólar; sqi=dollar; swe=dollar; t	i107131(15: bul,cat,eus,fin,fra,glg,ind,isl,ita,nld,pol,slk,spa,swe,tha) | i108506(15: cat,cmn,eus,fin,fra,glg,ind,ita,jpn,lit,pol,ron,slk,spa,tha) | i107103(10: ell,eus,fin,fra,ind,jpn,nld,ron,spa,sqi) | i72340(6: cat,fin,fra,nld,spa,tha) | i108576(2: ita,spa)
	dhau	WH	pass	two ILIs equally supported	(transitive) To allow to go by without noticing; to omit attention to; to take no note of; to disregard.	cat=passar; cmn=過/過去; ell=φεύγω; eus=gertatu; fin=jatkua/kulua/kuolla/käydä/mennä/ohittaa/poistua/sietää/tapahtua; fra=avaler son extrait de naissance/casser sa pipe/continuer/décéder/dépasser/mourir/passer/survenir; jpn=死ぬ/死亡/生じる/経つ/起こる/通り過ぎる/逝去/過ぎる; lit=slinkti; nld=doodgaan/doorgaan/gebeuren/heen	i23435(7: cat,eus,fin,fra,jpn,nld,spa) | i32002(7: cat,fin,fra,jpn,nld,spa,sqi) | i32112(7: cat,fin,fra,jpn,nld,spa,sqi) | i23459(5: cat,eus,jpn,nld,spa) | i23529(5: fin,fra,jpn,nld,spa)
	dhau	WH	pass	two ILIs equally supported	(transitive) To cause to advance by stages of progress; to carry on with success through an ordeal, examination, or action; specifically, to give legal or official sanction to; to ratify; to enact; to approve as valid and just.	cat=aprovar/ser aprovat; cmn=傳球/及格/通過/過; dan=melde pas; ell=πάω πάσο/πασάρω/περνάω; fin=[[mennä]] [[läpi]]/[[päästä]] [[läpi]]/hyväksyttää/jättää väliin/kulkea/käydä/läpäistä/muuttua/ohittaa/passata/pistää/päästä läpi/sietää/syöttää/vaihtua; fra=passer/passer son tour/réussir; heb=עבר; ita=passare; 	i32002(7: fin,ita,jpn,nld,ron,spa,sqi) | i32112(7: fra,ita,jpn,nld,ron,spa,sqi) | i31995(6: fin,fra,ita,jpn,ron,spa) | i34333(6: fin,fra,jpn,nld,ron,spa) | i32006(5: ell,fra,jpn,ron,spa)
	dhau	WH	pass	two ILIs equally supported	(transitive) To go past, by, over, or through; to proceed from one side to the other of; to move past.	cat=passar; fin=kadota; fra=passer; jpn=経つ/過ぎる; spa=pasar	i32006(4: cat,fra,jpn,spa) | i32112(4: cat,fra,jpn,spa) | i23435(3: cat,fra,spa) | i31589(3: cat,fra,spa) | i31995(3: fra,jpn,spa)
	dua	WH	tear	two ILIs equally supported	(transitive, often, with off, or, out) To remove by tearing, or with sudden great force.	bul=откъсвам; fin=repiä; fra=déchirer/détacher; glg=arrancar; ita=staccare/strappare; nld=uitscheuren; pol=oderwać/odrywać/zerwać/zrywać; ron=detașa/rupe/scoate/smulge; tha=ฉีก	i29595(4: fin,ita,ron,tha) | i29596(4: fin,fra,ron,tha) | i22599(2: ita,ron) | i28167(2: fra,ron) | i29511(2: fin,fra)
	faus	WH	bury	two ILIs equally supported	To ritualistically inter in a grave or tomb.	bul=погре́бвам/погреба́; cat=enterrar/sepultar; cmn=埋/埋葬; dan=begrave; ell=ενταφιάζω/θάβω; fin=haudata; fra=ensevelir/enterrer; glg=enterrar/soterrar; heb=קָבַר; isl=grafa; ita=inumare/seppellire/sotterrare; jpn=埋葬/葬る; lit=palaidoti; nld=begraven; nno=gravleggja; nob=begrave/gravlegge; pol=chować/gr	i27798(13: cat,cmn,dan,ell,fin,isl,ita,nld,nob,ron,spa,swe,tha) | i34003(13: cat,cmn,fin,fra,glg,ita,jpn,nld,ron,slk,spa,swe,tha) | i24810(3: glg,ita,jpn) | i29381(3: cat,fin,spa) | i29641(3: cat,fin,spa)
	faus	WH	embed	two ILIs equally supported	(transitive) To lay (something) as in a bed; to lay in surrounding matter; to bed.	bul=закрепвам/поставям в; cat=encastar; cmn=镶/镶嵌; dan=indlejre i; fin=upottaa; fra=encastrer/incruster/insérer/plonger dans; heb=שיבץ; ita=aggregare/incastonare/incastrare/incorporare/inglobare/inserire; jpn=埋め込む/嵌める; nld=inbedden/inbedden in/vastleggen; nob=innfestet/innsvøpt; ron=insera/îngloba; s	i22650(4: fra,ita,slk,spa) | i29373(4: fin,fra,jpn,spa) | i29790(4: cat,fin,ita,jpn) | i28839(3: fra,ita,ron) | i22628(2: ron,spa)
	fawm	WH	pho	no ILI reached two languages	A Vietnamese soup with a beef base, typically served with rice noodles and optionally beef or chicken.	bul=фъ; cmn=越南河粉/越南粉; ell=φο; fin=pho/phở; fra=pho/phở; heb=פו; ind=pho/phở; ita=pho/phở; jpn=フォー; nld=pho/phở; ron=pho/phở; spa=pho/phở; swe=pho/phở; tha=เฝอ	i109102(1: jpn)
	heev	WH	very	no ILI reached two languages	(with superlatives) Used to firmly establish that nothing else surpasses in some respect.	dan=aller-; fin=todella; slk=úplne; swe=allra	i18185(1: slk) | i18194(1: slk) | i18197(1: slk) | i18199(1: slk) | i18207(1: slk)
	kev	WH	street	two ILIs equally supported	A paved part of road, usually in a village or a town.	bul=сока́к/у́лица; cat=carrer; cmn=街/街路/街道/路/馬路; dan=gade; ell=δρόμος/οδός; eus=kale; fin=katu; fra=rue; glg=rúa; heb=רְחוֹב; ind=jalan/jalan raya; isl=gata/stræti; ita=strada/via; jpn=ストリート/街路/通り/道/道路; lit=gatvė; nld=straat; nno=gate; nob=gate; pol=ulica; ron=stradă; slk=ulica; spa=calle/jirón/llec	i59671(16: cat,ell,eus,fin,fra,glg,ind,ita,jpn,lit,nld,pol,ron,slk,spa,tha) | i59672(16: bul,cat,dan,eus,fin,fra,ind,isl,nno,nob,pol,ron,slk,spa,swe,tha) | i58206(10: cmn,ell,ind,isl,ita,jpn,nld,spa,sqi,tha) | i113287(7: cat,eus,fin,fra,ind,ron,spa) | i80335(7: ell,eus,fin,fra,jpn,ron,spa)
	khawb	WH	excavate	two ILIs equally supported	(transitive) To remove part of (something) by scooping or digging it out.	bul=копая/разкопавам; cat=desenterrar/excavar; glg=escavar; nld=opdelven/uitgraven/uithollen; spa=asotanar/excavar	i28080(3: cat,nld,spa) | i28232(3: bul,cat,spa) | i28254(3: cat,nld,spa) | i28237(2: nld,spa) | i28239(2: cat,spa)
	koj puas nyob zoo	WH	how are you	no ILI reached two languages	(idiomatic) An informal greeting, not requiring a literal response. In form a question, and thus followed by a question mark. Typical responses include:	bul=как си/как сте; cat=com està/com estàs/com va; cmn=你好嗎; dan=hvordan går det?/hvordan har du det?; ell=πώς είσαι;/πώς είστε;/τι κάνεις/τι κάνετε; eus=zer moduz; fin=kuinka voit/kuinka voitte/miten menee/mitä kuuluu; fra=comment allez-vous/comment vas-tu/comment ça va/ça va; glg=como estás/como va	i58121(1: nld)
	koob	WH	pin	two ILIs equally supported	A cylindrical piece of solid material, often of wood or metal, used to fasten or as a bearing between two parts.	bul=щифт; fin=sokka/tappi; fra=goupille; glg=golfón; heb=נִצְרָה; jpn=ピン/鋲; pol=zawleczka; spa=pasador/tranquilla	i52404(2: fin,pol) | i52405(2: fra,spa) | i57300(2: fin,jpn) | i74899(2: fin,jpn) | i108154(1: jpn)
	koob	WH	quill	two ILIs equally supported	Something having the form of a quill, such as the fold or plain of a ruff, or (weaving) a spindle, or spool, upon which the thread for the woof is wound in a shuttle.	bul=перо́; cat=canó/càlam/ploma; cmn=羽毛筆/鵝毛筆; dan=fjerpen; ell=πέννα; fin=kynä/piikki/selkäkilpi/sulkakynä; fra=plume; glg=cálamo/pluma/péndola; heb=קולמוס; isl=fjaðurpenni/fjaðurstafur; ita=calamo/penna d'oca; jpn=羽ペン/羽根ペン; nld=ganzenveer/ganzeveer; nob=fjærpenn; pol=dudka/dutka/gęsie pióro/pióro; 	i45288(5: cat,fra,glg,pol,spa) | i57103(5: fin,glg,slk,spa,tha) | i57846(5: fin,ita,slk,spa,tha) | i48638(4: fra,glg,pol,spa) | i61597(2: cat,spa)
	kuv hlub koj	WH	I love you	no pivot word has an ILI in a loaded wordnet	An affirmation of romantic feeling to a lover or spouse.	bul=оби́чам те; cat=t'estim/t'estime/t'estimo; cmn=我愛你; dan=jeg elsker dig; ell=σε αγαπώ; eus=maite haut/maite zaitut/maite zaituztet; fin=minä rakastan sinua/rakastan sinua; fra=je t'adore/je t'aime/je vous adore/je vous aime; glg=ámote; heb=אֲנִי אוֹהֵב אוֹתְךָ/אֲנִי אוֹהֵב אוֹתָךְ/אֲנִי אוֹהֵבֵת 	
	li cas	WH	how	two ILIs equally supported	(fused relative) In any manner in which; in whatever way; however.	bul=как/ко́лко; cat=com; cmn=咋/如何/怎樣/怎麼/怎麼樣; dan=hvordan/hvorledes; ell=πώς; fin=[[mikä|millä]] [[tapa|tavalla]]/[[mikä|millä]] [[tapa|tavoin]]/kuinka/millainen/minkälainen/miten; fra=comment; glg=como; heb=אֵיך/כֵּיצַד; ind=bagaimana; isl=hvernig; ita=come; jpn=どう/どうやって/どのように; lit=kaip; nld=hoe; nn	i18267(3: cat,ita,spa) | i48249(3: fra,pol,slk) | i18298(1: ind) | i18303(1: ind) | i18304(1: fin)
	mob	WH	hurt	two ILIs equally supported	(transitive, intransitive) To cause (a person or animal) physical pain and/or injury.	bul=[[причиня́вам]] [[бо́лка]]/нараня́вам/раня́вам; cat=danyar/ferir; cmn=傷/傷害; ell=λυπώ/πληγώνω/τραυματίζω/χτυπώ; fin=kolhaista/loukata/satuttaa/teloa/vahingoittaa; fra=blesser; glg=doer/ferir/magoar/mancar; heb=הִכְאִיב/פָּגַע; ind=luka; isl=meiða/særa; ita=danneggiare/ferire; jpn=傷つける/痛める; nld=kw	i22125(12: bul,cat,ell,fin,fra,glg,isl,ita,jpn,ron,spa,swe) | i30697(12: bul,cat,ell,fin,fra,glg,isl,ita,jpn,nld,ron,spa) | i22286(9: cat,fin,glg,heb,isl,ita,jpn,spa,swe) | i23019(5: fin,fra,ita,jpn,ron) | i23012(4: cat,fin,ita,jpn)
	nam pa	WH	fish sauce	no pivot word has an ILI in a loaded wordnet	A condiment made from fermented fish.	cmn=魚露; dan=fiskesovs; fin=kalakastike; fra=sauce de poisson; ind=kecap ikan; ita=[[salsa]] [[di]] [[pesce]]; jpn=ナンプラー/魚醤/魚醤油; nld=vissaus; nob=fiskesaus; pol=sos rybny; ron=sos de pește; spa=salsa de pescado; swe=fisksås; tha=น้ำปลา	
	nkag siab	WH	understand	two ILIs equally supported	(transitive, intransitive, of communication or means of communication: words, statements, signs, etc.) To know the meaning of; to parse or have parsed correctly; to comprehend.	bul=разбера́/разби́рам; cat=comprendre/entendre; cmn=了解//暸解/懂/明白/理解/看得懂/聽得懂; dan=begribe/fatte/forstå/mene; ell=αντιλαμβάνομαι/καταλαβαίνω/κατανοώ; eus=aditu/entelegatu/konprenitu/ulertu; fin=bonjata/hiffata/käsittää/kässätä/osata/snaijata/tajuta/uskoa/ymmärtää/älytä; fra=comprendre; glg=entender; h	i24710(20: bul,cat,cmn,dan,ell,eus,fin,fra,glg,heb,ind,isl,ita,jpn,nld,nob,ron,slk,spa,tha) | i24720(20: bul,cat,cmn,dan,ell,fin,fra,glg,heb,ind,isl,ita,jpn,lit,nob,ron,slk,spa,sqi,swe) | i24734(12: bul,cmn,dan,fin,fra,heb,ind,ita,jpn,nob,ron,spa) | i24708(11: cat,fin,fra,ind,jpn,nld,ron,slk,spa,sqi,tha) | i24733(11: cat,ell,fin,fra,heb,ind,jpn,ron,spa,sqi,tha)
	nkag siab	WH	understand	two ILIs equally supported	(transitive, of people) To know the intent, motives or character of; (of events) to know the causes of or reasons for.	bul=разбера́/разби́рам; cat=comprendre/entendre; cmn=了解//暸解/懂/明白/理解/看得懂/聽得懂; dan=begribe/fatte/forstå/mene; ell=αντιλαμβάνομαι/καταλαβαίνω/κατανοώ; eus=aditu/entelegatu/konprenitu/ulertu; fin=bonjata/hiffata/käsittää/kässätä/osata/snaijata/tajuta/uskoa/ymmärtää/älytä; fra=comprendre; glg=entender; h	i24710(20: bul,cat,cmn,dan,ell,eus,fin,fra,glg,heb,ind,isl,ita,jpn,nld,nob,ron,slk,spa,tha) | i24720(20: bul,cat,cmn,dan,ell,fin,fra,glg,heb,ind,isl,ita,jpn,lit,nob,ron,slk,spa,sqi,swe) | i24734(12: bul,cmn,dan,fin,fra,heb,ind,ita,jpn,nob,ron,spa) | i24708(11: cat,fin,fra,ind,jpn,nld,ron,slk,spa,sqi,tha) | i24733(11: cat,ell,fin,fra,heb,ind,jpn,ron,spa,sqi,tha)
	nov	WH	here	two ILIs equally supported	(location) In, on, or at this place (a place perceived to be close to the speaker); compare there.	bul=дотук/насам/ту́ка/тук; cat=ací/aquí/cap aquí; cmn=[[到]][[這兒]]/此處/這兒/這裡; dan=her/herhen; ell=εδώ; eus=hemen; fin=tähän/tänne/tässä/täällä; fra=ici/par ici; glg=acá/acó/aquí/eiquí; heb=הֵנָּה/כָּאן/לכאן/לפה/פֹּה; ind=sini; isl=hingað/hér; ita=qua/qui; jpn=[[ここ]][[で]]/[[ここ]][[に]]/[[ここ]][[へ]]/[[こちら]	i18824(7: cat,fin,fra,glg,ita,ron,spa) | i81667(7: cat,fra,ind,jpn,ron,spa,tha) | i18823(6: fin,fra,glg,ita,ron,spa) | i18825(6: fin,fra,glg,ita,ron,spa) | i19964(5: cat,fin,fra,ron,spa)
	nqaij	WH	flesh	two ILIs equally supported	The soft tissue of the body, especially muscle and fat.	bul=месо́; cat=carn; cmn=肉; dan=kød; ell=σάρκα; fin=liha; fra=chair; glg=carne; heb=בָּשָׂר; ind=daging; isl=hold; ita=carne; jpn=肉/身; lit=kūnas; nld=vlees; pol=ciało/mięso; ron=carne; spa=carne; sqi=mish/tul; swe=kött; tha=เนื้อ	i64648(18: bul,cat,dan,ell,fin,fra,glg,heb,ind,isl,ita,jpn,nld,pol,ron,spa,swe,tha) | i77100(18: bul,cat,cmn,dan,fin,glg,heb,ind,isl,ita,jpn,nld,pol,ron,spa,sqi,swe,tha) | i105535(12: bul,cat,dan,fra,glg,heb,ind,ita,jpn,nld,spa,tha) | i64383(6: cat,fin,ita,lit,nld,spa) | i48244(2: glg,spa)
	nrog	WH	with	no ILI reached two languages	In the company of; alongside, close to; near to.	bul=с; cat=amb; cmn=同/和/與/跟; dan=med; ell=με; fin=-neen/kanssa/kera/luona; fra=avec; glg=con; heb=עם; ind=bersama/dengan/dgn; isl=með; ita=con; jpn=と/とともに/一緒; lit=su; nld=bij/met; nno=med; nob=med; pol=z; ron=cu; slk=s; spa=con; sqi=me; swe=med; tha=กับ/ด้วย	i109982(1: fin) | i11571(1: ind) | i11575(1: ind) | i11817(1: ind) | i11818(1: ind)
	ntev	WH	long	two ILIs equally supported	Having much distance in space from one end to the other.	bul=дъ́лъг; cat=llarg/llong; cmn=長; dan=lang; ell=μακρύς; eus=luze; fin=pitkä; fra=long; glg=ambró/comprido/longo/longueiro; heb=ארוך; ind=panjang; isl=langur; ita=lungo; jpn=長い; lit=ilga/ilgas; nld=lang; pol=długi; ron=lung; slk=dlhý; spa=largo/longo/luengo; sqi=i [[gjatë]]; swe=lång/långsmal; tha=	i7833(15: bul,cat,dan,fin,fra,glg,ind,isl,ita,jpn,pol,ron,spa,swe,tha) | i7859(15: bul,cat,dan,ell,fin,fra,glg,ind,isl,ita,jpn,pol,ron,spa,swe) | i7893(5: fin,fra,jpn,spa,tha) | i13205(4: fin,isl,ita,swe) | i13210(4: fin,fra,jpn,pol)
	nws	WH	she	no ILI reached two languages	(personal) The female (typically) person or animal previously mentioned or implied.	bul=тя; cat=ella; cmn=他/伊/她; dan=hun; ell=αυτή; eus=bera/hura; fin=hän/se; fra=elle; glg=ela; heb=הִיא; ind=dia/ia; isl=hún; ita=ella/lei; jpn=あの人/あの方/奴/彼女; lit=ji; nld=zij; nno=ho; nob=hun; pol=ona; ron=dumneaei/ea; slk=ona; spa=ella; sqi=ajo; swe=hon; tha=หล่อน/เขา/เธอ	i109602(1: fin) | i111061(1: glg) | i114003(1: fin) | i25024(1: tha) | i27004(1: tha)
	pawg ntseeg	WH	ward	two ILIs equally supported	(Mormonism) A subdivision of the LDS Church, smaller than and part of a stake, but larger than a branch.	bul=райо́н/стра́жа; dan=menighed; ell=τομέας; fin=vahti/vartio; fra=garde/paroisse; isl=deild; ita=guardiano/rione; jpn=ワード; nld=bewaking/gebied/wijk; pol=okręg; slk=zbor; spa=barrio/guardia; swe=församling	i91081(3: fin,fra,spa) | i94050(3: fra,ita,spa) | i117612(2: fra,spa) | i39271(2: fin,fra) | i40025(2: fin,fra)
	phem	WH	evil	two ILIs equally supported	Morally corrupt.	bul=поро́чен; cat=dolent/malvat; dan=ond/umoralsk; ell=κακός/φαύλος; fin=ilkeä/paha; fra=malfaisant; heb=רשע; ita=cattivo/corrotto/malevolo/malvagio; nld=slecht; ron=decăzut/depravat/desfrânat/rău; slk=zlo; spa=celerado/escelerado/malo/malvado	i6173(6: cat,ell,fin,ita,ron,spa) | i6200(6: cat,fin,fra,ita,ron,spa) | i6202(4: cat,fin,ron,spa) | i11163(3: cat,fin,spa) | i1236(3: cat,fin,spa)
	pom koj tom qab	WH	see you	no ILI reached two languages	(informal) see you later.	cmn=一會兒見/再會/回見/回頭見/拜拜; dan=på gensyn/vi ses; ell=τα λέμε/τα λέμε αργότερα; fin=jälleennäkemisiin/nähdään/näkemiin; fra=à plus/à toute; glg=a máis ver/vémonos; heb=להתראות; ind=sampai jumpa; ita=arrivederci/ciao; jpn=じゃ、また/じゃあね/またね/ジャ/ジャね/バイバイ; lit=iki; nld=later/mazzel; nno=me sjåast/vi sest/vi tala	i108897(1: pol) | i113991(1: pol) | i651(1: fra) | i69150(1: pol) | i71321(1: heb)
	qhov no	WH	this	two ILIs equally supported	The (thing) here (used in indicating something or someone nearby).	bul=та́зи/те́зи/то́зи/това́; cat=aquest/aquesta/est/este; cmn=此/這; dan=denne/dette; ell=αυτός/ετούτος/τούτος; eus=hau; fin=tämä/tää; fra=[[ce]] ... [[ci]]/[[cette]] ... [[ci]]/ce/cette; glg=este; heb=זֶה/זֹאת/זוֹ; ind=ini; isl=þessi/þetta; ita='sta/'sto/questa/questo; jpn=この; lit=ši/šis/šita/šitas; 	i109598(2: cat,spa) | i117378(2: fra,ind) | i108414(1: pol) | i114010(1: pol) | i114013(1: pol)
	qhov zoo	WH	good	two ILIs equally supported	(uncountable) The forces or behaviours that are the enemy of evil. Usually consists of helping others and general benevolence.	bul=добро; cat=bo/bona; cmn=善; dan=godhed; ell=καλός; fin=hyvä; fra=bien; heb=טוב/טובה; ind=baik; ita=bene; jpn=善; nld=goed/goede; pol=dobro/dobroć; ron=bine/bun; slk=dobro; spa=bien; swe=godhet; tha=ความดี/ธรรม	i62472(9: dan,fin,heb,jpn,nld,pol,slk,swe,tha) | i64010(9: fin,fra,heb,ita,jpn,pol,ron,slk,spa) | i6163(6: cat,ell,fin,heb,ind,ron) | i64098(6: fin,ita,nld,ron,slk,spa) | i18211(5: fra,heb,ind,ita,ron)
	rab diav kav fes	WH	teaspoon	two ILIs equally supported	A small spoon used to stir the contents of a cup or glass.	bul=чаена лъжичка; cat=cullereta; cmn=茶匙; dan=teske/teskefuld; ell=κουταλάκι του γλυκού; fin=teelusikka; fra=cuillère à café/petite cuillère; glg=culleriña; heb=כפית; ind=sendok teh; isl=teskeið; ita=cucchiaino da tè; jpn=ティースプーン/茶匙; lit=arbatinis šaukštelis/šaukštelis; nld=koffielepel/theelepel/the	i109269(7: fin,fra,heb,ind,ita,lit,slk) | i60050(7: fin,fra,heb,jpn,nld,ron,spa) | i52816(2: cat,spa) | i109264(1: pol) | i59365(1: slk)
	rooj	WH	table	two ILIs equally supported	An item of furniture with a flat top surface raised above the ground, usually on one or more legs.	bul=ма́са; cat=taula; cmn=桌子; dan=bord; ell=τραπέζι; eus=mahai; fin=pöytä; fra=table; glg=mesa; heb=שולחן; ind=meja; isl=borð; ita=tavola/tavolo; jpn=テーブル/卓/卓袱台/台/机; lit=stalas; nld=tafel; nno=bord; nob=bord; pol=stół; ron=masă; slk=stôl; spa=[[expremijo]] / [[entremijo]] / [[entremiso]]/mesa; sqi=t	i59922(18: cat,dan,ell,eus,fin,fra,glg,ind,ita,jpn,nld,nno,nob,pol,ron,slk,spa,tha) | i59923(18: bul,cat,dan,ell,eus,fin,fra,ind,isl,ita,jpn,nno,nob,pol,ron,spa,swe,tha) | i52811(6: cmn,glg,ind,jpn,lit,slk) | i76508(6: cat,fra,ind,jpn,ron,spa) | i81614(5: eus,fra,jpn,ron,spa)
	saib	WH	watch	two ILIs equally supported	(ambitransitive) To look at, see, or view for a period of time.	bul=гле́дам; cat=mirar; cmn=看/觀/觀看; dan=holde øje med/se; ell=παρακολουθώ; fin=katsella/katsoa; fra=regarder; glg=mirar; heb=הִבִּיט/הִסְתַּכֵּל/צָפָה; ind=menonton; ita=guardare; jpn=見る; lit=žiūrėti; nld=kijken; nob=observere/passe på/se på; pol=obserwować/oglądać/patrzeć; ron=monitoriza/observa/pr	i32408(11: cat,cmn,fin,fra,glg,ita,jpn,nld,ron,slk,spa) | i32509(11: cat,cmn,ell,fin,fra,ind,jpn,ron,slk,spa,tha) | i32507(10: cat,cmn,fra,ind,ita,jpn,lit,slk,spa,tha) | i32589(8: cat,cmn,fin,lit,ron,slk,spa,tha) | i33999(8: cat,ell,fra,ind,ita,jpn,ron,spa)
	siab	WH	heart	two ILIs equally supported	A conventional shape or symbol used to represent the heart, love, or emotion: ♥.	bul=чу́вства; cat=cor; cmn=心/心形; dan=hjerte; ell=καρδιά/ψυχή; fin=sydän; fra=cœur; glg=ámago; ind=hati/kalbu/sanubari; isl=hjarta; ita=cuore; jpn=ハート/心/心形/気持ち; lit=širdis; nld=hart; nno=hjarte; nob=hjerte; pol=serce/serduszko; ron=inimă/suflet; spa=coraje/corazón; swe=hjärta; tha=ดวงใจ/ฤทัย/หัวใจ/ใจ	i109791(14: cat,cmn,dan,fin,fra,ind,isl,jpn,nld,nob,pol,ron,spa,swe) | i65294(14: cat,cmn,ell,fin,fra,isl,ita,jpn,nld,pol,ron,spa,swe,tha) | i67941(12: cat,cmn,fin,fra,ind,ita,jpn,nld,ron,spa,swe,tha) | i77111(9: cat,fin,fra,ind,ita,jpn,pol,spa,tha) | i54735(7: cat,fra,isl,jpn,nld,pol,spa)
	siab	WH	high	two ILIs equally supported	Large, great (in amount or quantity, value, force, energy, etc).	bul=голя́м; cmn=高; fin=korkea; fra=élevé; nld=hoog; pol=wysoki; ron=mare; swe=hög	i6586(3: fin,fra,pol) | i6627(3: fin,fra,swe) | i13205(2: fin,pol) | i6640(2: fin,fra) | i7530(2: bul,ron)
	sijhawm	WH	time	two ILIs equally supported	(uncountable) The inevitable progression into the future with the passing of present and past events.	bul=вре́ме; cat=temps; cmn=時光/時間; dan=tid; ell=καιρός/χρόνος; eus=denbora; fin=aika; fra=temps; glg=tempo; heb=זְמָן; ind=waktu; isl=tími/tíð; ita=tempo; jpn=時間; lit=laikas; nld=tijd; nob=tid; pol=czas; ron=timp/vreme; slk=čas; spa=tiempo; sqi=kohë; swe=tid; tha=กาล/เวลา	i116667(18: cat,dan,eus,fin,fra,glg,ind,ita,jpn,lit,nld,nob,pol,ron,slk,spa,sqi,tha) | i35582(18: cat,dan,ell,eus,fin,fra,glg,ind,ita,jpn,nld,nob,pol,ron,slk,spa,sqi,tha) | i117493(15: cat,dan,ell,eus,fra,glg,ind,ita,jpn,nld,nob,ron,spa,sqi,tha) | i116704(10: dan,ind,isl,jpn,lit,nob,pol,slk,swe,tha) | i69739(10: cat,ell,eus,fra,heb,ita,pol,ron,spa,tha)
	tawv	WH	skin	two ILIs equally supported	(uncountable) The outer protective layer of the body of any animal, including of a human.	bul=ко́жа; cat=pell; cmn=皮/皮子/皮膚; dan=hud; ell=δέρμα; eus=azal; fin=iho/nahka; fra=peau; glg=/pel; heb=עוֹר; ind=kulit; isl=hörund/húð/skinn; ita=pelle; jpn=皮膚/肌; lit=oda; nld=huid/vel; nob=ham/hud/skinn; pol=skóra; ron=piele; slk=koža/pokožka; spa=pellejo/piel/tegumento; sqi=lëkurë; swe=hud/skinn; 	i45286(21: bul,cat,cmn,ell,eus,fin,fra,glg,ind,isl,ita,jpn,lit,nld,nob,ron,slk,spa,sqi,swe,tha) | i64482(21: bul,cat,cmn,dan,ell,eus,fin,fra,glg,ind,isl,ita,jpn,lit,nld,nob,ron,slk,spa,sqi,swe) | i114554(17: bul,cat,cmn,ell,fin,fra,glg,heb,ind,isl,ita,lit,pol,ron,slk,spa,tha) | i77703(10: bul,cat,cmn,fra,glg,ind,ita,pol,slk,spa) | i110306(7: fin,fra,ind,pol,ron,slk,tha)
	tawv nqaij	WH	skin	two ILIs equally supported	(uncountable) The outer protective layer of the body of any animal, including of a human.	bul=ко́жа; cat=pell; cmn=皮/皮子/皮膚; dan=hud; ell=δέρμα; eus=azal; fin=iho/nahka; fra=peau; glg=/pel; heb=עוֹר; ind=kulit; isl=hörund/húð/skinn; ita=pelle; jpn=皮膚/肌; lit=oda; nld=huid/vel; nob=ham/hud/skinn; pol=skóra; ron=piele; slk=koža/pokožka; spa=pellejo/piel/tegumento; sqi=lëkurë; swe=hud/skinn; 	i45286(21: bul,cat,cmn,ell,eus,fin,fra,glg,ind,isl,ita,jpn,lit,nld,nob,ron,slk,spa,sqi,swe,tha) | i64482(21: bul,cat,cmn,dan,ell,eus,fin,fra,glg,ind,isl,ita,jpn,lit,nld,nob,ron,slk,spa,sqi,swe) | i114554(17: bul,cat,cmn,ell,fin,fra,glg,heb,ind,isl,ita,lit,pol,ron,slk,spa,tha) | i77703(10: bul,cat,cmn,fra,glg,ind,ita,pol,slk,spa) | i110306(7: fin,fra,ind,pol,ron,slk,tha)
	thee	WH	charcoal	no ILI reached two languages	(countable) A drawing made with charcoal.	cmn=木炭畫/炭畫; dan=kultegning; ell=κάρβουνο; fin=hiilipiirros; fra=fusain; glg=carbonciño; jpn=木炭画; nob=koltegning/kulltegning; swe=kolteckning	i103828(1: fra) | i103829(1: fra) | i114152(1: ell) | i114156(1: ell) | i114899(1: ell)
	thiab	WH	and	two ILIs equally supported	Used to connect certain numbers: connecting units when they precede tens (now dated); connecting shillings to pence in a monetary quantity (now historical); connecting tens and units to hundreds, thousands etc. (now often omitted in US); to connect fractions to wholes. [from 10th c.]	bul=и; cat=i; cmn=以及/及/同/和/就/暨/然後/與; dan=og/så; ell=και/κι/ϗ; eus=eta/ta; fin=-kä/[[ja]] [[sitten]]/ja/sekä/ynnä; fra=et/et puis; glg=e; heb=וְ־; ind=dan; isl=og; ita=e/ed; jpn=かつ/して/そして/て/と/とか/や/及/及び/然して; lit=ir; nld=en; nno=og/så; nob=og/så; pol=a/i/oraz/tudzież; ron=e/iar/și; slk=a; spa=e/et/y; s	i109164(3: glg,ron,spa) | i29226(3: dan,nno,nob) | i18418(2: jpn,ron) | i72390(2: glg,spa) | i108109(1: fra)
	this vis	WH	TV	two ILIs equally supported	(colloquial, countable, uncountable) Abbreviation of television.	cat=TV; cmn=電視; dan=tv; fin=TV; fra=télé; heb=טלוויזיה; ita=TV/tivù; jpn=テレビ/テレビジョン; nld=teevee/tv; spa=tele/tv; swe=teve/tv; tha=ทีวี	i60090(7: dan,fra,jpn,nld,spa,swe,tha) | i69499(7: cat,fin,fra,ita,jpn,spa,swe) | i60084(2: dan,swe)
	thov txim	WH	sorry	two ILIs equally supported	Expresses regret, remorse, or sorrow.	bul=извине́те/извинявай/пардо́н/просте́те/прости́/съжалявам; cat=disculpes/perdó; cmn=不好意思/對不住/對不起/抱歉; dan=beklager/undskyld; ell=συγγνώμη; eus=barka/barkamen; fin=[[olla|olen]] [[pahoillaan|pahoillani]]/anteeksi/pahoittelen/sori; fra=désolé/excuse-moi/excusez-moi/je m'excuse/navré/pardon; heb=הצטער	i41818(5: cat,eus,fra,ind,spa) | i71342(5: cmn,eus,ita,jpn,ron) | i41944(3: cat,fra,spa) | i76462(3: cat,eus,spa) | i70899(2: cat,spa)
	tig	WH	revolve	two ILIs equally supported	(intransitive) To orbit a central point (especially of a celestial body). [from 17th c.]	cmn=圍繞; ell=περιστρέφομαι; fin=kiertää; fra=retourner/tourner; ita=orbitare; pol=kręcić się; spa=girar; swe=kretsa; tha=วน/หมุน/โคจร	i31263(3: fin,fra,spa) | i31964(3: fin,ita,spa) | i31970(3: fin,fra,spa) | i32202(3: fra,spa,tha) | i22227(2: fra,spa)
	tig	WH	revolve	two ILIs equally supported	(transitive, now, rare) To ponder on; to reflect repeatedly upon; to consider all aspects of. [from 15th c.]	bul=въртя се/обмислям; cmn=旋轉/考慮/運轉; ell=περιστρέφομαι/περιστρέφω/σκέπτομαι; fin=pohtia/pyöriä; fra=retourner/tourner; ind=edar; ita=ricorrere/ruotare; jpn=回る/回転; pol=kręcić się/wirować; spa=rotar; sqi=dredh; swe=rotera/snurra runt; tha=วน/หมุน/เวียน	i31970(5: ell,fin,fra,jpn,spa) | i32237(5: bul,fin,jpn,spa,tha) | i31978(4: bul,fin,jpn,spa) | i32202(4: ell,fra,spa,tha) | i25729(3: bul,fin,fra)
	tig	WH	turn	two ILIs equally supported	(intransitive, of a body, person, etc) To move about an axis through itself.	bul=въртя; cat=girar; cmn=旋轉/轉動/運轉; dan=dreje; ell=γυρίζω/περιστρέφομαι; eus=jiratu; fin=kääntyä/kääntää/pyörittää/pyöriä/pyörähtää/pyöräyttää; fra=tourner; glg=virar/xirar; heb=הִסְתּוֹבֵב; ind=berbelok; ita=girare/ruotare; jpn=回る; lit=sukti; nld=draaien; pol=obracać się/obrócić się; ron=învârti; s	i31251(10: cat,ell,eus,fin,glg,heb,ind,ita,nld,spa) | i32237(10: cat,dan,ell,fin,glg,heb,jpn,spa,swe,tha) | i31970(9: cat,ell,eus,fin,fra,glg,ita,jpn,spa) | i32202(8: cat,ell,fin,fra,ita,ron,spa,tha) | i31263(6: cat,ell,eus,fra,jpn,spa)
	tig	WH	turn	two ILIs equally supported	(transitive) To change the direction or orientation of, especially by rotation.	bul=зави́вам/зави́я/завъртам; cat=girar/virar; cmn=轉; dan=dreje/vende; ell=γυρίζω/στρέφω/στρίβω; fin=kääntää/pyörittää; fra=tourner; glg=virar/xirar; heb=הָפַך/סוֹבֵב; ind=berpaling; isl=snúa; ita=cambiare/girare/invertire/svoltare; jpn=変える; lit=sukti; nld=draaien; pol=obracać/obrócić; ron=învârti; 	i31251(8: cat,ell,glg,ind,isl,ita,nld,spa) | i32202(8: cat,ell,fin,fra,heb,ita,ron,spa) | i32199(7: cat,ell,fin,fra,glg,ind,spa) | i32237(7: cat,dan,ell,glg,isl,spa,swe) | i31970(6: cat,ell,fra,glg,ita,spa)
	tseeb	WH	true	two ILIs equally supported	(of shooting, throwing etc) Accurately; in alignment.	bul=вярно/точно; fin=tarkasti/tarkkaan; jpn=正確; sqi=vërtetë	i19549(2: fin,jpn) | i19551(2: fin,jpn) | i20675(2: fin,jpn) | i10097(1: jpn) | i103(1: jpn)
	tseeb	WH	true	two ILIs equally supported	Genuine; legitimate; valid; sensu stricto.	bul=действителен/истински; cat=autèntic/genuí/legítim/propi; cmn=真正; ell=αληθινός/αυθεντικός/νόμιμος; fin=aito/laillinen/oikea/todellinen; fra=vrai/véritable; glg=verdadeiro; jpn=本物/正統; nld=echt/waar; pol=prawdziwy; ron=adevărat; swe=sann/äkta	i13638(6: bul,fra,glg,pol,ron,swe) | i13639(6: bul,cat,fin,fra,glg,swe) | i6119(5: bul,cat,fin,fra,glg) | i10598(3: bul,fra,pol) | i11609(3: fin,fra,glg)
	tshuab	WH	blow	two ILIs equally supported	(intransitive) To produce an air current.	bul=ве́я/ду́хам; cat=bufar; cmn=吹/颳; dan=blæse/puste; ell=φυσώ; fin=puhaltaa; fra=souffler; glg=soprar; ind=tiup; isl=blása; ita=soffiare; jpn=吹く; lit=pūsti; nld=blazen/waaien; nob=blåse; pol=dmuchać/dąć/wiać; ron=sufla; slk=duť/fúkať/fúknuť/vanúť; spa=bufar/soplar; sqi=fri/fry; swe=blåsa; tha=พัด	i21801(10: cat,cmn,fin,fra,glg,ita,jpn,ron,slk,spa) | i35526(10: cat,cmn,fin,fra,glg,ind,jpn,ron,spa,tha) | i24098(7: cat,ell,fin,fra,jpn,ron,spa) | i32265(5: fin,fra,ron,spa,tha) | i32641(5: cmn,ell,fra,ind,ron)
	tsoo	WH	bump	two ILIs equally supported	(transitive) To move (a booked passenger) to a later flight because of earlier delays or cancellations.	fin=tönäistä/törmätä; fra=heurter/magner; ind=bentur; nld=botsen/stoten	i27808(2: fin,fra) | i29539(2: fin,fra) | i29540(2: fin,fra) | i25695(1: nld) | i27668(1: fra)
	tsoo	WH	bump	two ILIs equally supported	(transitive, slang) To snort a small dose of cocaine or another drug; to do a bump of a drug.	fin=tönäistä/törmätä; fra=heurter/magner; ind=bentur; nld=botsen/stoten	i27808(2: fin,fra) | i29539(2: fin,fra) | i29540(2: fin,fra) | i25695(1: nld) | i27668(1: fra)
	tsoo	WH	bump	two ILIs equally supported	To knock against or run into with a jolt.	fin=tönäistä/törmätä; fra=heurter/magner; ind=bentur; nld=botsen/stoten	i27808(2: fin,fra) | i29539(2: fin,fra) | i29540(2: fin,fra) | i25695(1: nld) | i27668(1: fra)
	tsoo	WH	smash	two ILIs equally supported	(transitive) To hit extremely hard.	bul=удрям силно; cat=colpejar/percudir; fin=iskeä/jysäyttää/lyödä/läimäyttää/mäiskäistä/täräyttää; fra=percuter; lit=daužti; spa=golpear/machucar	i28723(3: cat,fin,spa) | i28778(3: cat,fin,spa) | i27821(2: fin,spa) | i27843(2: fin,spa) | i28752(2: cat,fin)
	tsoo	WH	wreck	two ILIs equally supported	(transitive, Australia) To dismantle wrecked vehicles or other objects, to reclaim any useful parts.	fin=romuttaa; ita=smantellare; jpn=ばらす/解体; nld=ontmantelen; swe=skrota	i30023(2: ita,nld) | i30043(2: ita,jpn) | i23013(1: fin) | i24596(1: fin) | i25898(1: jpn)
	tswv	WH	lord	two ILIs equally supported	(archaic) The owner of a house, piece of land, or other possession	bul=со́бственик; cat=senyor; dan=godsejer/herre; ell=αφέντης/κύριος; fin=isäntä/kartanonherra/maanomistaja/omistaja; glg=amo/dono/señor; ind=tuan; isl=herra; ita=signore; pol=właściciel; spa=señor; sqi=lekë/zonjë/zot	i90189(5: cat,ell,ind,ita,spa) | i91804(5: cat,ell,fin,ind,spa) | i69800(4: cat,glg,ita,spa) | i93009(4: glg,ind,ita,spa) | i89580(3: cat,glg,spa)
	tswv	WH	lord	two ILIs equally supported	One possessing similar mastery over others; (historical) any feudal superior generally; any nobleman or aristocrat; any chief, prince, or sovereign ruler; in Scotland, a male member of the lowest rank of nobility (the equivalent rank in England is baron)	bul=властелин/господар/лорд; cat=senyor; cmn=君主/統治者/貴族/領主; dan=herre/hersker/lensherre/lord; ell=άρχοντας/αφέντης/δεσπότης/ευγενής/λόρδος; fin=aristokraatti/hallitsija/johtaja/lordi/valtias/ylhäisyys; fra=lord/monsieur/seigneur; glg=señor; heb=אדון; ind=prabu; isl=lávarður; ita=signore; jpn=卿; nld=h	i69800(6: cat,fra,glg,heb,ita,pol) | i91804(6: cat,ell,fin,fra,heb,nld) | i91084(5: fin,fra,glg,jpn,pol) | i90189(4: cat,fra,ita,nld) | i86772(3: fra,ita,pol)
	ua	WH	do	two ILIs equally supported	(transitive) To perform the tasks or actions associated with (something).	cat=fer; dan=gøre; fin=tehdä	i21819(2: cat,fin) | i29865(2: cat,fin) | i29942(2: cat,fin) | i30309(2: cat,fin) | i34493(2: cat,fin)
	vaj	WH	garden	two ILIs equally supported	(by extension) An ornamental garden featuring plants and other features to attract, house, conserve, benefit and/or display certain animals.	bul=гради́на; cat=jardí; cmn=花園; dan=have; ell=περιβόλι; eus=lorategi; fin=puutarha; fra=jardin; glg=xardín; heb=בוסתן/גַּן; ind=kebun/taman; isl=garður; ita=giardino; jpn=庭/庭園/花園; lit=sodas; nld=gaard/tuin; nno=hage; nob=hage/have; pol=ogród/sad; ron=grădină; slk=záhrada/záhradka; spa=arriate/jardí	i54178(14: cat,eus,fra,glg,heb,ind,ita,jpn,pol,ron,slk,spa,sqi,tha) | i81475(14: bul,cat,dan,eus,fra,glg,ind,isl,nno,nob,ron,spa,swe,tha) | i54179(12: cat,ell,eus,fin,fra,ind,ita,jpn,ron,slk,spa,tha) | i61309(7: dan,eus,isl,ita,jpn,nno,nob) | i82260(4: ind,isl,jpn,ron)
	vaj	WH	garden	two ILIs equally supported	(figuratively) A cluster; a bunch.	cat=hort; fin=kasvimaa; ita=orto; pol=ogródek; spa=hortal/hortaliza/huerta/huerto	i55400(3: cat,ita,spa) | i56020(3: cat,ita,spa) | i54471(2: cat,spa) | i101266(1: spa) | i54178(1: fin)
	vaj	WH	garden	two ILIs equally supported	(in the plural, used in street names) A road, street, or similar thoroughfare, which sometimes occupies a former garden.	cat=hort; fin=kasvimaa; ita=orto; pol=ogródek; spa=hortal/hortaliza/huerta/huerto	i55400(3: cat,ita,spa) | i56020(3: cat,ita,spa) | i54471(2: cat,spa) | i101266(1: spa) | i54178(1: fin)
	vaj	WH	garden	two ILIs equally supported	An outdoor area containing one or more types of plants, usually plants grown for food or ornamental purposes.	bul=гради́на; cat=jardí; cmn=花園; dan=have; ell=περιβόλι; eus=lorategi; fin=puutarha; fra=jardin; glg=xardín; heb=בוסתן/גַּן; ind=kebun/taman; isl=garður; ita=giardino; jpn=庭/庭園/花園; lit=sodas; nld=gaard/tuin; nno=hage; nob=hage/have; pol=ogród/sad; ron=grădină; slk=záhrada/záhradka; spa=arriate/jardí	i54178(14: cat,eus,fra,glg,heb,ind,ita,jpn,pol,ron,slk,spa,sqi,tha) | i81475(14: bul,cat,dan,eus,fra,glg,ind,isl,nno,nob,ron,spa,swe,tha) | i54179(12: cat,ell,eus,fin,fra,ind,ita,jpn,ron,slk,spa,tha) | i61309(7: dan,eus,isl,ita,jpn,nno,nob) | i82260(4: ind,isl,jpn,ron)
	vaj tsiaj	WH	park	no ILI reached two languages	An enclosed parcel of land stocked with animals for hunting, which one may have by prescription or royal grant.	bul=резерва́т; cat=vedat; spa=coto	i111516(1: spa)
	xiav	WH	blue	two ILIs equally supported	(particle physics) Having a colour charge of blue.	bul=лазу́рен/син; cat=blau; cmn=藍/藍色; dan=blå; ell=μπλε; eus=urdin; fin=sininen; fra=bleu; glg=azul; heb=כָּחוֹל/כחול/תְּכֵלֶת; ind=biru; isl=blár; ita=azzurro/blu; jpn=青/青い; lit=mė́lynas; nld=blauw; nob=blå; pol=błękitny/niebieski; ron=albastru/azuriu; slk=modrý; spa=azul/blao/celeste; sqi=blu/kalt	i2040(13: cat,fin,fra,glg,ind,ita,jpn,lit,pol,ron,slk,spa,tha) | i63098(13: bul,cat,ell,eus,fin,fra,glg,ind,jpn,nld,ron,spa,tha) | i115900(6: cat,eus,fra,glg,ind,spa) | i50871(5: cat,eus,fra,ron,spa) | i81618(4: fin,fra,ind,jpn)
	xiav	WH	grue	no ILI reached two languages	(philosophy) Of an object, green when first observed before a specified time or blue when first observed after that time.	ell=πρασινογάλαζος; fra=blert; jpn=グルー; nld=bloen	i80437(1: jpn) | i80614(1: jpn) | i80618(1: jpn)
