VERDICT	FORM	DIALECT	GLOSS	CONCEPTICON_ILI	CONCEPTICON_LEMMAS	CONCEPTICON_DEFINITION	TRIANGULATED_ILI	TRIANGULATED_LEMMAS	TRIANGULATED_DEFINITION	SUPPORT	ADJUDICATION	BY
	cai	WH	custom	i81481	law, jurisprudence	the collection of rules imposed by authority	i37573	custom, usage, usance	accepted or habitual practice	14 of 23 pivot languages agree (cat, ell, fin, fra, ind, ita, jpn, lit, nld, pol, ron, slk, spa, sqi)		
	cai	WH	rule	i81481	law, jurisprudence	the collection of rules imposed by authority	i67597	rule, regulation	a principle or condition that customarily governs behavior	16 of 23 pivot languages agree (bul, cat, dan, fin, fra, glg, isl, ita, jpn, nld, nno, ron, slk, spa, swe, tha)		
	cais	WH	separate	i29513	separate, disunite, divide, part	force, take, or pull apart	i34058	divide, split, split up, separate, dissever, carve up	separate into parts or portions	4 of 6 pivot languages agree (bul, fin, ita, spa)		
	da dej	WH	bathe	i21944		(no synset in this English WordNet release)	i21956	bathe	cleanse the entire body	6 of 22 pivot languages agree (glg, lit, nld, slk, spa, tha)		
	dab	WH	spirit	i86808	devil, fiend, demon, daemon, daimon	an evil supernatural being	i86825	spirit, disembodied spirit	any incorporeal supernatural being that can become visible (or audible) to human beings	17 of 23 pivot languages agree (bul, cat, dan, ell, fin, fra, ind, isl, ita, lit, nld, ron, slk, spa, sqi, swe, tha)		
	deb	WH	far	i18771	far	at or to or from a great distance in space	i2492	far	located at a great distance in time or space or degree	6 of 8 pivot languages agree (bul, cat, fin, glg, ron, swe)		
	dej	WH	water	i79021	water	a liquid necessary for the life of most animals and plants	i115069	water, H2O	binary compound that occurs at room temperature as a clear colorless odorless tasteless liquid; freezes into ice below 0 degrees centigrade and boils above 100 degrees centigrade; widely used as a solvent	21 of 25 pivot languages agree (bul, cat, cmn, dan, ell, fin, fra, glg, ind, isl, jpn, nld, nno, nob, pol, ron, slk, spa, sqi, swe, tha)		
	hli	WH	moon	i85806	Moon, moon	the natural satellite of the Earth	i85805	moon	any natural satellite of a planet	18 of 25 pivot languages agree (cat, cmn, dan, eus, fin, fra, ind, ita, jpn, lit, nld, nno, nob, pol, ron, slk, spa, tha)		
	hnoos	WH	cough	i21795	cough	exhale abruptly, as when one has a chest cold or congestion	i112455	cough, coughing	a sudden noisy expulsion of air from the lungs that clears the air passages; a common symptom of upper respiratory infection or bronchitis or pneumonia or tuberculosis	21 of 25 pivot languages agree (bul, cat, cmn, dan, eus, fin, fra, glg, heb, ind, isl, ita, lit, nld, nno, nob, ron, slk, spa, swe, tha)		
	hnub qub	WH	star	i86240	star	any celestial body visible (as a point of light) from the Earth at night	i86239	star	(astronomy) a celestial body of hot gases that radiates energy derived from thermonuclear reactions in the interior	20 of 25 pivot languages agree (cat, dan, ell, eus, fin, fra, glg, ind, ita, jpn, lit, nld, nno, nob, pol, ron, slk, spa, sqi, tha)		
	hu	WH	call	i25642	call, send for	order, request, or command to come	i26178	shout, shout out, cry, call, yell, scream, holler, hollo, squall	utter a sudden loud cry	13 of 17 pivot languages agree (cat, cmn, dan, ell, fra, glg, isl, ita, jpn, nld, ron, spa, swe)		
	khw	WH	market	i56021	marketplace, market place, mart, market	an area in a town where a public mercantile establishment is set up	i41147	market, marketplace, market place	the world of commercial activity where goods and services are bought and sold	16 of 25 pivot languages agree (cat, ell, eus, fin, fra, glg, heb, ind, ita, jpn, nld, pol, ron, slk, spa, tha)		
	mob	WH	disease	i110874	disease	an impairment of health or a condition of abnormal functioning	i110826	illness, unwellness, malady, sickness	impairment of normal physiological function affecting part or all of an organism	23 of 25 pivot languages agree (bul, cat, cmn, dan, ell, eus, fin, fra, glg, heb, ind, isl, ita, jpn, lit, nld, nno, nob, pol, slk, spa, sqi, swe)		
	nceb	WH	mushroom	i105062	mushroom	mushrooms and related fleshy fungi (including toadstools, puffballs, morels, coral fungi, etc.)	i105056	mushroom	any of various fleshy fungi of the subdivision Basidiomycota consisting of a cap at the end of a stem arising from an underground mycelium	15 of 25 pivot languages agree (bul, cat, cmn, dan, eus, fin, glg, isl, ita, jpn, nno, nob, ron, spa, tha)		
	noob	WH	seed	i98741	seed	a mature fertilized plant ovule consisting of an embryo and its food source and having a protective coat or testa	i105678	seed	a small hard fruit	19 of 25 pivot languages agree (cat, cmn, dan, ell, eus, fin, fra, glg, ind, isl, ita, jpn, lit, nno, nob, ron, slk, spa, tha)		
	nqi	WH	price	i106591	price, terms, damage	the amount of money needed to purchase something	i64022	monetary value, price, cost	the property of having material worth (often indicated by the amount of money something would bring if sold)	19 of 24 pivot languages agree (bul, cat, dan, ell, fin, fra, glg, ind, isl, ita, jpn, lit, nob, ron, slk, spa, sqi, swe, tha)		
	ntse	WH	sharp	i4410	sharp	having or made by a thin edge or sharp point; suitable for cutting or piercing	i2474	smart	showing mental alertness and calculation and resourcefulness	11 of 21 pivot languages agree (bul, cat, dan, fin, ind, isl, jpn, pol, ron, spa, swe)		
	nyuj	WH	cow	i48238	cow, moo-cow	female of domestic cattle:	i48233	cattle, cows, kine, oxen, Bos taurus	domesticated bovine animals as a group regardless of sex or age	20 of 25 pivot languages agree (bul, cat, cmn, dan, ell, eus, fin, fra, glg, isl, ita, jpn, lit, nno, nob, pol, ron, slk, spa, swe)		
	paj	WH	flower	i98673	flower, bloom, blossom	reproductive organ of angiosperm plants especially one having showy or colorful parts	i98675	flower	a plant cultivated for its blooms or blossoms	2 of 2 pivot languages agree (bul, fin)		
	phom	WH	gun	i54499	gun	a weapon that discharges a missile at high velocity (especially from a metal tube or barrel)	i57352	pistol, handgun, side arm, shooting iron	a firearm that is held and fired with one hand	12 of 23 pivot languages agree (cat, ell, fin, fra, heb, ind, ita, nld, pol, ron, slk, spa)		
	pob	WH	ball	i109982	ball, globe, orb	an object with a spherical shape	i50388	ball	round object that is hit or thrown or kicked in games	21 of 25 pivot languages agree (bul, cat, cmn, dan, ell, eus, fin, fra, glg, ind, isl, ita, jpn, lit, nno, nob, ron, slk, spa, swe, tha)		
	thee	WH	charcoal	i114153	charcoal, wood coal	a carbonaceous material obtained by heating wood or other organic matter in the absence of air	i51783	charcoal, fusain	a stick of black carbon material used for drawing	12 of 25 pivot languages agree (cat, cmn, fin, fra, glg, ind, ita, jpn, nld, pol, spa, tha)		
	tsev neeg	WH	family	i79199	family, family unit	primary social group; parents and children	i79671	family, household, house, home, menage	a social unit living together	21 of 24 pivot languages agree (bul, cat, cmn, ell, eus, fin, fra, glg, heb, ind, isl, ita, jpn, lit, nld, ron, slk, spa, sqi, swe, tha)		
	tua	WH	kill	i27293	shoot, hit, pip	hit with a missile from a weapon	i28306	kill	cause to die; put to death, usually intentionally or knowingly	17 of 23 pivot languages agree (bul, cat, dan, ell, eus, fra, glg, ind, isl, ita, jpn, nld, ron, slk, spa, swe, tha)		
	ua	WH	do	i21819	act, behave, do, acquit, bear, deport, conduct, comport, carry	behave in a certain manner; show a certain behavior; conduct or comport oneself	i30309	perform, execute, do	carry out or perform an action	13 of 25 pivot languages agree (cat, eus, fin, fra, glg, ind, ita, jpn, nld, ron, slk, spa, sqi)		
	xyoob	WH	bamboo	i100987	bamboo	the hard woody stems of bamboo plants; used in construction and crafts and fishing poles	i100986	bamboo	woody tropical grass having hollow woody stems; mature canes used for construction and furniture	9 of 24 pivot languages agree (cat, fra, glg, ind, ita, jpn, nld, ron, tha)		
	zaub mov	WH	food	i76470	solid food	any solid substance (as opposed to liquid) that is used as a source of nourishment	i35570	food, nutrient	any substance that can be metabolized by an animal to give energy and build tissue	21 of 24 pivot languages agree (bul, cat, cmn, dan, ell, eus, fin, fra, glg, ind, isl, ita, lit, nob, pol, ron, slk, spa, sqi, swe, tha)		
	ze	WH	near	i20949	near, nigh, close	near in time or place or relationship	i2502	near, close, nigh	not far distant in time or space or degree or circumstances	14 of 23 pivot languages agree (bul, fin, fra, glg, heb, ind, ita, jpn, lit, pol, slk, spa, swe, tha)		
