VERDICT	FORM	DIALECT	ENGLISH	POS	WHY	WIKTIONARY_SENSE	CANDIDATES
	qhov zoo	WH	good	n	no candidate close enough	(uncountable) The forces or behaviours that are the enemy of evil. Usually consists of helping others and general benevolence.	i64098=benefit [0.00] | i62472=moral excellence or admirableness [0.00] | i64010=that which is pleasing or valuable or useful [0.00] | i52206=a raw material that is sold in large quantities, usually to other busi [0.00]
	heev	WH	very	r	no candidate close enough	(with superlatives) Used to firmly establish that nothing else surpasses in some respect.	i18320=used to give emphasis [0.00] | i21720=precisely so [0.00]
	kev	WH	street	n	no candidate close enough	A paved part of road, usually in a village or a town.	i59672=the part of a thoroughfare between the sidewalks; the part of the thor [0.10] | i59671=a thoroughfare (usually including sidewalks) that is lined with buildi [0.00] | i113287=the streets of a city viewed as a depressed environment in which there [0.00] | i113125=a situation offering opportunities [0.00] | i80335=people living or working on the same street [0.00]
	tshuab	WH	blow	v	two candidates too close	(intransitive) To produce an air current.	i32265=cause to move by means of an air current [0.29] | i31234=be in motion due to some air or water current [0.25] | i32267=cause air to go in, on, or through [0.17] | i32088=spout moist air from the blowhole [0.14] | i21940=free of obstruction by blowing air through [0.12]
	mob	WH	hurt	v	two candidates too close	(transitive, intransitive) To cause (a person or animal) physical pain and/or injury.	i22102=be in pain [0.12] | i32368=be the source of pain [0.11] | i22100=give trouble or pain to [0.10] | i23019=cause damage or affect negatively [0.09] | i30695=cause emotional anguish or make miserable [0.08]
	siab	WH	heart	n	no candidate close enough	A conventional shape or symbol used to represent the heart, love, or emotion: ♥.	i67941=the locus of feelings and intuitions [0.00] | i65294=the hollow muscular organ located behind the sternum and between the l [0.00] | i62514=the courage to carry on [0.00] | i81841=an area that is approximately central within some larger region [0.00] | i67950=the choicest or most essential or most vital part of some idea or expe [0.00]
	tseeb	WH	true	a	no candidate close enough	Genuine; legitimate; valid; sensu stricto.	i13638=consistent with fact or reality; not false [0.00] | i6706=expressing or given to expressing the truth [0.00]
	tseeb	WH	true	r	no candidate close enough	(of shooting, throwing etc) Accurately; in alignment.	i19401=as acknowledged [0.00]
	ntev	WH	long	a	no candidate close enough	Having much distance in space from one end to the other.	i7859=primarily temporal sense; being or indicating a relatively great or gr [0.00] | i7833=primarily spatial sense; of relatively great or greater than average s [0.00] | i10981=good at remembering [0.00] | i7895=holding securities or commodities in expectation of a rise in prices [0.00] | i7893=(of speech sounds or syllables) of relatively long duration [0.00]
	dhau	WH	pass	v	two candidates too close	(transitive) To go past, by, over, or through; to proceed from one side to the other of; to move past.	i32002=move past [0.29] | i27684=pass over, across, or through [0.22] | i31995=go across or through [0.12] | i31993=travel past [0.12] | i32112=for time to move forward [0.11]
	dhau	WH	pass	v	no candidate close enough	(transitive) To cause to advance by stages of progress; to carry on with success through an ordeal, examination, or action; specifically, to give legal or official sanction to; to ratify; to enact; to approve as valid and just.	i31995=go across or through [0.05] | i32006=cause to pass [0.05] | i27684=pass over, across, or through [0.04] | i34333=go successfully through a test or a selection process [0.04] | i32002=move past [0.00]
	vaj	WH	garden	n	no candidate close enough	An outdoor area containing one or more types of plants, usually plants grown for food or ornamental purposes.	i54178=a plot of ground where plants are cultivated [0.08] | i81475=the flowers or vegetables or fruits or herbs that are cultivated in a  [0.00] | i54179=a yard or lawn adjoining a house [0.00]
	vaj	WH	garden	n	no candidate close enough	(by extension) An ornamental garden featuring plants and other features to attract, house, conserve, benefit and/or display certain animals.	i54179=a yard or lawn adjoining a house [0.06] | i54178=a plot of ground where plants are cultivated [0.06] | i81475=the flowers or vegetables or fruits or herbs that are cultivated in a  [0.06]
	vaj	WH	garden	n	no candidate close enough	(in the plural, used in street names) A road, street, or similar thoroughfare, which sometimes occupies a former garden.	i81475=the flowers or vegetables or fruits or herbs that are cultivated in a  [0.07] | i54178=a plot of ground where plants are cultivated [0.00] | i54179=a yard or lawn adjoining a house [0.00]
	vaj	WH	garden	n	no candidate close enough	(figuratively) A cluster; a bunch.	i54178=a plot of ground where plants are cultivated [0.00] | i81475=the flowers or vegetables or fruits or herbs that are cultivated in a  [0.00] | i54179=a yard or lawn adjoining a house [0.00]
	this vis	WH	TV	n	no candidate close enough	(colloquial, countable, uncountable) Abbreviation of television.	i69499=broadcasting visual images of stationary or moving objects [0.00]
	tawv nqaij	WH	skin	n	two candidates too close	(uncountable) The outer protective layer of the body of any animal, including of a human.	i45286=body covering of a living animal [0.22] | i64482=a natural protective body covering and site of the sense of touch [0.17] | i59011=an outer surface (usually thin) [0.11] | i59012=a bag serving as a container for liquids; it is made from the hide of  [0.08] | i110306=a person's skin regarded as their life [0.00]
	tawv	WH	skin	n	two candidates too close	(uncountable) The outer protective layer of the body of any animal, including of a human.	i45286=body covering of a living animal [0.22] | i64482=a natural protective body covering and site of the sense of touch [0.17] | i59011=an outer surface (usually thin) [0.11] | i59012=a bag serving as a container for liquids; it is made from the hide of  [0.08] | i110306=a person's skin regarded as their life [0.00]
	tig	WH	turn	v	two candidates too close	(intransitive, of a body, person, etc) To move about an axis through itself.	i32237=move around an axis or a center [0.20] | i32204=cause to move along an axis or into a new direction [0.15] | i32202=cause to move around or rotate [0.09] | i32199=cause to move around a center so as to show another side of [0.07] | i31251=to change orientation or direction [0.00]
	saib	WH	watch	v	two candidates too close	(ambitransitive) To look at, see, or view for a period of time.	i32507=look attentively [0.14] | i32509=see or watch [0.14] | i33999=follow with the eyes or the mind [0.00] | i32400=observe without intervening [0.00] | i32514=be vigilant, be on the lookout or be careful [0.00]
	tswv	WH	lord	n	no candidate close enough	(archaic) The owner of a house, piece of land, or other possession	i86772=terms referring to the Judeo-Christian God [0.00] | i91804=a person who has general authority over others [0.00] | i91084=a titled peer of the realm [0.00]
	tswv	WH	lord	n	no candidate close enough	One possessing similar mastery over others; (historical) any feudal superior generally; any nobleman or aristocrat; any chief, prince, or sovereign ruler; in Scotland, a male member of the lowest rank of nobility (the equivalent rank in England is baron)	i91804=a person who has general authority over others [0.07] | i86772=terms referring to the Judeo-Christian God [0.00] | i91084=a titled peer of the realm [0.00]
	pawg ntseeg	WH	ward	n	no candidate close enough	(Mormonism) A subdivision of the LDS Church, smaller than and part of a stake, but larger than a branch.	i97346=English economist and conservationist (1914-1981) [0.00] | i94027=a person who is under the protection or in the custody of another [0.00] | i97345=English writer of novels who was an active opponent of the women's suf [0.00] | i82513=a district into which a city or town is divided for the purpose of adm [0.00] | i97344=United States businessman who in 1872 established a successful mail-or [0.00]
	vaj tsiaj	WH	park	n	no candidate close enough	An enclosed parcel of land stocked with animals for hunting, which one may have by prescription or royal grant.	i82260=a piece of open land for recreational use in an urban area [0.06] | i82259=a large area of land preserved in its natural state as public property [0.05] | i96500=Scottish explorer in Africa (1771-1806) [0.00] | i50411=a facility in which ball games are played (especially baseball games) [0.00] | i82261=a lot where cars are parked [0.00]
	tsoo	WH	wreck	v	no candidate close enough	(transitive, Australia) To dismantle wrecked vehicles or other objects, to reclaim any useful parts.	i29561=smash or break forcefully [0.00]
	nov	WH	here	r	two candidates too close	(location) In, on, or at this place (a place perceived to be close to the speaker); compare there.	i18824=to this place (especially toward the speaker) [0.33] | i18823=in or at this place; where the speaker or writer is [0.30] | i18827=at this time; now [0.10] | i18825=in this circumstance or respect or on this point or detail [0.08]
	dauslas	WH	dollar	n	no candidate close enough	Official designation for currency in some parts of the world, including Canada, the United States, Australia, New Zealand, Singapore, Hong Kong, and elsewhere. Its symbol is $.	i107103=a United States coin worth one dollar [0.09] | i72340=a symbol of commercialism or greed [0.05] | i108506=the basic monetary unit in many countries; equal to 100 cents [0.00] | i107131=a piece of paper money worth one dollar [0.00]
	dua	WH	tear	v	no candidate close enough	(transitive, often, with off, or, out) To remove by tearing, or with sudden great force.	i29511=to separate or be separated by force [0.10] | i29596=separate or cause to separate abruptly [0.00] | i22110=fill with tears or shed tears [0.00] | i32022=move quickly and violently [0.00] | i28632=strip of feathers [0.00]
	nkag siab	WH	understand	v	no candidate close enough	(transitive, of people) To know the intent, motives or character of; (of events) to know the causes of or reasons for.	i24710=know and comprehend the nature or meaning of [0.08] | i24720=perceive (an idea or situation) mentally [0.00] | i24733=make sense of a language [0.00] | i24731=believe to be the case [0.00] | i24734=be understanding of [0.00]
	tsoo	WH	smash	v	two candidates too close	(transitive) To hit extremely hard.	i32285=hit violently [0.20] | i28730=hit with great force [0.17] | i29538=hit (a tennis ball) in a powerful overhead stroke [0.11] | i23414=break into pieces, as by striking or knocking over [0.00] | i33326=reduce to bankruptcy [0.00]
	faus	WH	embed	v	no candidate close enough	(transitive) To lay (something) as in a bed; to lay in surrounding matter; to bed.	i29373=fix or set securely or deeply [0.00] | i27041=attach to, as a journalist to a military unit when reporting on a war [0.00]
	tsoo	WH	bump	v	no candidate close enough	(transitive) To move (a booked passenger) to a later flight because of earlier delays or cancellations.	i27827=knock against with force or violence [0.00] | i32979=come upon, as if by accident; meet with [0.00] | i31184=dance erotically or dance with the pelvis thrust forward [0.00] | i33743=assign to a lower position; reduce in rank [0.00] | i29367=remove or force from a position of dwelling previously occupied [0.00]
	tsoo	WH	bump	v	no candidate close enough	(transitive, slang) To snort a small dose of cocaine or another drug; to do a bump of a drug.	i27827=knock against with force or violence [0.00] | i32979=come upon, as if by accident; meet with [0.00] | i31184=dance erotically or dance with the pelvis thrust forward [0.00] | i33743=assign to a lower position; reduce in rank [0.00] | i29367=remove or force from a position of dwelling previously occupied [0.00]
	tig	WH	revolve	v	no candidate close enough	(transitive, now, rare) To ponder on; to reflect repeatedly upon; to consider all aspects of. [from 15th c.]	i31970=turn on or around an axis or a center [0.00] | i31964=move in an orbit [0.00] | i31036=cause to move by turning over or in a circular manner of as if on an a [0.00]
	koob	WH	quill	n	no candidate close enough	Something having the form of a quill, such as the fold or plain of a ruff, or (weaving) a spindle, or spool, upon which the thread for the woof is wound in a shuttle.	i57846=pen made from a bird's feather [0.00] | i45318=a stiff hollow protective spine on a porcupine or hedgehog [0.00] | i48640=any of the larger wing or tail feathers of a bird [0.00] | i48638=the hollow spine of a feather [0.00]
