LEXICON	VERSION	LANGUAGE	LABEL	BIBKEY	LICENSE	URL	CITATION
omw-arb	2.0	arb	Arabic WordNet (AWN v2)	omw-arb	https://creativecommons.org/licenses/by-sa/3.0/	http://globalwordnet.org/resources/arabic-wordnet/	Black W., Elkateb S., Rodriguez H., Alkhalifa M., Vossen P., Pease A., Bertran M., Fellbaum C.,. 2006. *The Arabic WordNet Project*. In *Proceedings of LREC 2006*. Lahsen Abouenour, Karim Bouzoubaa, Paolo Rosso. 2013. *On the evaluation and improvement of {Arabic} WordNet coverage and usability*. *Language Resources and Evaluation*, **47(3)** pp 891–917.
omw-bg	2.0	bg	BulTreeBank Wordnet (BTB-WN)	omw-bg	https://creativecommons.org/licenses/by/3.0/	http://bultreebank.org/en/	Simov, Kiril and Osenova, Petya. 2010. `Constructing of an Ontology-based Lexicon for Bulgarian, Proceedings of LREC 2010 <http://www.lrec-conf.org/proceedings/lrec2010/summaries/848.html>`_.
omw-ca	2.0	ca	Multilingual Central Repository (Catalan)	omw-ca	https://creativecommons.org/licenses/by/3.0/	https://adimen.si.ehu.es/web/MCR/	Aitor Gonzalez-Agirre, Egoitz Laparra and German Rigau. 2012. `Multilingual Central Repository version 3.0: upgrading a very large lexical knowledge base <http://adimen.si.ehu.es/web/sites/all/modules/pubdlcnt/pubdlcnt.php?file=http://adimen.si.ehu.es/~rigau/publications/gwc12-glr.pdf&nid=18>`_. In *Proceedings of the 6th Global WordNet Conference (GWC 2012)*. Matsue, Japan.
omw-cmn	2.0	cmn-Hans	Chinese Open Wordnet	omw-cmn	wordnet	https://bond-lab.github.io/cow/	Shan Wang and Francis Bond. 2013. `Building the Chinese Open Wordnet (COW): Starting from Core Synsets <https://aclweb.org/anthology/W/W13/W13-4302.pdf>`_. In *Proceedings of the 11th Workshop on Asian Language Resources, a Workshop of The 6th International Joint Conference on Natural Language Processing (IJCNLP-6)*. Nagoya, Japan. pp 10–18.
omw-da	2.0	da	DanNet	omw-da	wordnet	https://cst.ku.dk/projekter/dannet/	Pedersen, B. S., Nimb, S., Asmussen, J., Sørensen, N. H., Trap-Jensen, L. and Lorentzen, H.. 2009. *DanNet -- the challenge of compiling a WordNet for Danish by reusing a monolingual dictionary*. *Language Resources and Evaluation*, Volume 43:3 pp 269-299.
omw-el	2.0	el	Greek Wordnet	omw-el	https://opensource.org/licenses/Apache-2.0	https://github.com/okfngr/wordnet	Sofia Stamou, Goran Nenadic and Dimitris Christodoulakis. 2004. `Exploring Balkanet Shared Ontology for Multilingual Conceptual Indexing <http://www.lrec-conf.org/proceedings/lrec2004/summaries/113.htm>`_. *Proceedings of LREC 2004*.
oewn	2025+	en	Open English Wordnet	oewn	https://creativecommons.org/licenses/by/4.0	https://github.com/globalwordnet/english-wordnet	John P. McCrae, Alexandre Rademaker, Francis Bond, Ewa Rudnicka and Christiane Fellbaum. 2019. English WordNet 2019 - An Open-Source WordNet for English. In Proceedings of the 10th Global WordNet Conference, pages 245-252. [no citation declared in the lexicon]
omw-es	2.0	es	Multilingual Central Repository (Spanish)	omw-es	https://creativecommons.org/licenses/by/3.0/	https://adimen.si.ehu.es/web/MCR/	Aitor Gonzalez-Agirre, Egoitz Laparra and German Rigau. 2012. `Multilingual Central Repository version 3.0: upgrading a very large lexical knowledge base <http://adimen.si.ehu.es/web/sites/all/modules/pubdlcnt/pubdlcnt.php?file=http://adimen.si.ehu.es/~rigau/publications/gwc12-glr.pdf&nid=18>`_. In *Proceedings of the 6th Global WordNet Conference (GWC 2012)*. Matsue, Japan.
omw-eu	2.0	eu	Multilingual Central Repository (Basque)	omw-eu	https://creativecommons.org/licenses/by/3.0/	https://adimen.si.ehu.es/web/MCR/	Elisabete Pociello, Eneko Agirre and Izaskun ldezabal. 2010. `Methodology and construction of the Basque WordNet <http://www.springerlink.com/content/40n24044u3k2k277/>`_. *Language Resources and Evaluation*. Springer Netherlands, **45(2)** pp 121–142.
omw-fi	2.0	fi	FinnWordNet	omw-fi	https://creativecommons.org/licenses/by/3.0/	http://www.ling.helsinki.fi/en/lt/research/finnwordnet/	Lindén K., Carlson. L. 2010. *FinnWordNet — WordNet påfinska via översättning*. *LexicoNordica — Nordic Journal of Lexicography*, **17** pp 119–140.
omw-fr	2.0	fr	WOLF (Wordnet Libre du Français)	omw-fr	http://www.cecill.info/licenses/Licence_CeCILL-C_V1-en.html	http://pauillac.inria.fr/~sagot/index.html#wolf	Benoit Sagot and Darla Fišer. 2008. Building a free French wordnet from multilingual resources, *E.L.R.A. (ELRA) (ed.), Proceedings of the Sixth International Language Resources and Evaluation (LREC 2008)*. Marrakech, Morocco.
omw-gl	2.0	gl	Multilingual Central Repository (Galician)	omw-gl	https://creativecommons.org/licenses/by/3.0/	https://adimen.si.ehu.es/web/MCR/	Aitor Gonzalez-Agirre, Egoitz Laparra and German Rigau. 2012. `Multilingual Central Repository version 3.0: upgrading a very large lexical knowledge base <http://adimen.si.ehu.es/web/sites/all/modules/pubdlcnt/pubdlcnt.php?file=http://adimen.si.ehu.es/~rigau/publications/gwc12-glr.pdf&nid=18>`_. In *Proceedings of the 6th Global WordNet Conference (GWC 2012)*. Matsue, Japan.
omw-he	2.0	he	Hebrew Wordnet	omw-he	wordnet	http://cl.haifa.ac.il/projects/mwn/index.shtml	Noam Ordan and Shuly Wintner. 2007. Hebrew WordNet: a test case of aligning lexical databases across languages. *International Journal of Translation*, **19(1)**:39–58, 2007.
omw-hr	2.0	hr	Croatian Wordnet	omw-hr	https://creativecommons.org/licenses/by/3.0/	https://github.com/omwn/omw-data	Oliver A., Šojat, K., Srebačić, M.. 2015. *Automatic Expansion of Croatian Wordnet*. In *Proceedings of the 29th CALS international conference: Applied Linguistic Research and Methodology*. Zadar, Croatia. Raffaelli, Ida; Bekavac, Božo; Agić, Željko; Tadić, Marko. 2008. *Building Croatian WordNet*. In *Proceedings of the Fourth Global WordNet Conference*. pp 349-359.
omw-id	2.0	id	Wordnet Bahasa (Indonesian)	omw-id	https://opensource.org/licenses/MIT/	http://wn-msa.sourceforge.net/	Nurril Hirfana Mohamed Noor, Suerya Sapuan and Francis Bond. 2011. `Creating the open Wordnet Bahasa <http://web.mysites.ntu.edu.sg/fcbond/open/pubs/2011-wn-bahasa.pdf>`_. In *Proceedings of the 25th Pacific Asia Conference on Language, Information and Computation (PACLIC 25)*. pp 258–267. Singapore.
omw-is	2.0	is	IceWordNet	omw-is	https://creativecommons.org/licenses/by/3.0/	http://www.malfong.is/index.php?lang=en&pg=icewordnet	Íslensk samheitaorðabók. 1985. Ed. Svavar Sigmundsson. Styrktarsjóður Þórbergs Þórðarsonar og Margrétar Jónsdóttur. Háskóli Íslands, Reykjavík.
omw-it	2.0	it	MultiWordNet (Italian)	omw-it	https://creativecommons.org/licenses/by/3.0/	https://multiwordnet.fbk.eu/english/home.php	Emanuele Pianta, Luisa Bentivogli and Christian Girardi. 2002. *MultiWordNet: Developing an Aligned Multilingual Database*. In *Proceedings of the First International Conference on Global WordNet*. Mysore, India. January 21-25, 2002. pp 293-302.
omw-ja	2.0	ja	Japanese Wordnet	omw-ja	wordnet	https://bond-lab.github.io/wnja/	Hitoshi Isahara, Francis Bond, Kiyotaka Uchimoto, Masao Utiyama and Kyoko Kanzaki. 2008. *Development of Japanese WordNet*. In *LREC-2008*, Marrakech.
omw-lt	2.0	lt	Lithuanian  WordNet	omw-lt	https://creativecommons.org/licenses/by-sa/3.0/	https://korpus.sk/ltskwn_en.html	Garabík, Radovan and Pileckytė, Indrė. 2013. `From Multilingual Dictionary to Lithuanian WordNet <http://korpus.juls.savba.sk/attachments/publications/lithuanian_wordnet_2013.pdf>`_. In *Natural Language Processing, Corpus Linguistics, E-Learning*. Ed. Katarína Gajdošová — Adriána Žáková. Lüdenscheid: RAM-Verlag, pp 74–80.
omw-nb	2.0	nb	Norwegian Wordnet (Bokmål)	omw-nb	wordnet	https://github.com/omwn/omw-data	Fjeld, Ruth Vatvedt and Nygaard, Lars. 2009. `NorNet - a monolingual wordnet of modern Norwegian <http://dspace.utlib.ee/dspace/handle/10062/9837>`_. In *Proceedings of the NODALIDA 2009 workshop WordNets and other Lexical Semantic Resources — between Lexical Semantics, Lexicography, Terminology and Formal Ontologies.* pp 13–16. Estonia.
omw-nl	2.0	nl	Open Dutch WordNet	omw-nl	https://creativecommons.org/licenses/by-sa/4.0/	http://wordpress.let.vupr.nl/odwn/	Marten Postma, Emiel van Miltenburg, Roxane Segers, Anneleen Schoen and Piek Vossen. 2016. *Open Dutch WordNet*, In *Proceedings of the Eight Global Wordnet Conference*. Bucharest, Romania.
omw-nn	2.0	nn	Norwegian Wordnet (Nynorsk)	omw-nn	wordnet	https://github.com/omwn/omw-data	Fjeld, Ruth Vatvedt and Nygaard, Lars. 2009. `NorNet - a monolingual wordnet of modern Norwegian <http://dspace.utlib.ee/dspace/handle/10062/9837>`_. In *Proceedings of the NODALIDA 2009 workshop WordNets and other Lexical Semantic Resources — between Lexical Semantics, Lexicography, Terminology and Formal Ontologies.* pp 13–16. Estonia.
omw-pl	2.0	pl	plWordNet	omw-pl	wordnet	http://plwordnet.pwr.wroc.pl/wordnet/wordnet	Maciej Piasecki, Stanisław Szpakowicz and Bartosz Broda. 2009. `A Wordnet from the Ground Up <http://www.plwordnet.pwr.wroc.pl/main/content/files/publications/A_Wordnet_from_the_Ground_Up.pdf>`_. Wroclaw: Oficyna Wydawnicza Politechniki Wroclawskiej, Poland.
omw-ro	2.0	ro	Romanian Wordnet	omw-ro	https://creativecommons.org/licenses/by-sa/	https://www.racai.ro/tools/text/rowordnet/	Tufiș, Dan, Ion, Radu, Bozianu, Luigi, Ceaușu, Alexandru and Ștefănescu, Dan. 2008. *Romanian Wordnet: Current State, New Applications and Prospects*. In *Proceedings of the 4th Global WordNet Conference, GWC-2008* Eds. Tanacs, Attila, Csendes, Dora, Vincze, Veronika, Fellbaum, Christiane and Vossen, Piek. Szeged, Hungary, pp 441–452.
omw-sk	2.0	sk	Slovak WordNet	omw-sk	https://creativecommons.org/licenses/by-sa/3.0/	https://korpus.sk/WordNet_en.html	Distributed in the Open Multilingual Wordnet; the lexicon declares no citation of its own. [attribution supplied by us]
omw-sq	2.0	sq	Albanet	omw-sq	https://creativecommons.org/licenses/by/3.0/	https://github.com/omwn/omw-data	Ervin Ruci. 2008. *On the current state of Albanet and related applications*. Technical Report, University of Vlora.
omw-sv	2.0	sv	WordNet-SALDO	omw-sv	https://creativecommons.org/licenses/by/3.0/	https://spraakbanken.gu.se/en/resources/wordnet-saldo	Borin, Lars and Forsberg, Markus and Lönngren, Lennart. 2013. `SALDO: a touch of yin to WordNet's yang <http://dx.doi.org/10.1007/s10579-013-9233-4>`_. *Language Resources and Evaluation*, **47(4)** pp 1191–1211.
omw-th	2.0	th	Thai Wordnet	omw-th	wordnet	https://github.com/omwn/omw-data	Thoongsup S., Charoenporn T., Robkop K., Sinthurahat T., Mokarat C., Sornlertlamvanich V., Isahara H. 2009. *Thai Wordnet Construction*. In *Proceedings of The 7th Workshop on Asian Language Resources (ALR7), Joint conference of the 47th Annual Meeting of the Association for Computational Linguistics (ACL) and the 4th International Joint Conference on Natural Language Processing (IJCNLP)*. Suntec, Singapore.
omw-zsm	2.0	zsm	Wordnet Bahasa (Malaysian)	omw-zsm	https://opensource.org/licenses/MIT/	http://wn-msa.sourceforge.net/	Nurril Hirfana Mohamed Noor, Suerya Sapuan and Francis Bond. 2011. `Creating the open Wordnet Bahasa <http://web.mysites.ntu.edu.sg/fcbond/open/pubs/2011-wn-bahasa.pdf>`_. In *Proceedings of the 25th Pacific Asia Conference on Language, Information and Computation (PACLIC 25)*. pp 258–267. Singapore.
